<?xml version="1.0" encoding="UTF-8"?>
<conteudo>
	<item id="0">
		<nome>Setor de TI</nome>
		<usuario>nox.ti</usuario>
		<senha>40881759ffef584953a4d3c23f20328b</senha>
		<email>ti@noxgr.com.br</email>
	</item>
	<item id="1">
		<nome>Caio Loureiro</nome>
		<usuario>caio.loureiro</usuario>
		<senha>f7f7dcd0f5969e1d8f97237845232b03</senha>
		<email>ti@noxgr.com.br</email>
	</item>
<item id="2"><nome>Claucen Fernandes</nome><usuario>claucen.fernandes</usuario><senha>5769beee3a5dc5461e35952e3b0490f0</senha><email>claucen.fernandes@noxgr.com.br</email></item><item id="4"><nome>Eduardo Souza</nome><usuario>eduardo.souza</usuario><senha>5769beee3a5dc5461e35952e3b0490f0</senha><email>eduardo.souza@noxgr.com.br</email></item><item id="6"><nome>SIN</nome><usuario>sin</usuario><senha>5769beee3a5dc5461e35952e3b0490f0</senha><email>treinamento@noxgr.com.br</email></item><item id="7"><nome>Roberto Soares</nome><usuario>roberto.soares</usuario><senha>5769beee3a5dc5461e35952e3b0490f0</senha><email>roberto.soares@noxgr.com.br</email></item><item id="8"><nome>Max</nome><usuario>max.rodrigues</usuario><senha>5769beee3a5dc5461e35952e3b0490f0</senha><email>max@noxgr.com.br</email></item><item id="9"><nome>André</nome><usuario>andre.luiz</usuario><senha>882c15bbd705655fd7cdf55ec87a3d51</senha><email>andre.rodrigues@noxgr.com.br</email></item></conteudo>
